t/R,nxe,NDOF,elem_type,lin_disp,nl_disp,lin_runtime(s),nl_runtime(s),solver
3.333333333333334e-03,32,56454,CFI16,4.664936878142623e-02,0.000000000000000e+00,1.199482858000000e+00,0.000000000000000e+00,gmg
1.000000000000000e-02,32,56454,CFI16,3.212019852144934e-02,0.000000000000000e+00,8.119640560000000e-01,0.000000000000000e+00,gmg
